language_code,language_name,app_name,short_description,full_description
en,English,PDFCraft,100% On-Device & Private PDF Studio,PDFCraft is a powerful, minimalist offline PDF studio designed to let you merge, split, reorder, rotate, compress, and extract images from PDF documents directly on your device. Zero cloud uploads guarantee 100% data privacy and security. Whether you are organizing documents, optimizing file sizes, or extracting pages, PDFCraft operates entirely offline with blazing fast performance. Enjoy a clean Material 3 interface optimized for all screen sizes.
es,Spanish,PDFCraft,Estudio PDF 100% privado y local,PDFCraft es un potente estudio PDF fuera de línea que te permite unir, dividir, reordenar, rotar, comprimir y extraer imágenes de documentos PDF directamente en tu dispositivo. Cero subidas a la nube garantizan total privacidad y seguridad. Funciona sin internet con un rendimiento ultrarrápido y una interfaz Material 3 adaptable.
fr,French,PDFCraft,Studio PDF 100% privé et local,PDFCraft est un puissant studio PDF hors ligne qui vous permet de fusionner, diviser, réorganiser, pivoter, compresser et extraire des images de fichiers PDF directement sur votre appareil. Zéro téléchargement cloud garantit une confidentialité totale. Fonctionne entièrement hors ligne avec une vitesse fulgurante et une interface Material 3 élégante.
de,German,PDFCraft,100% privates Offline-PDF-Studio,PDFCraft ist ein leistungsstarkes, minimalistisches Offline-PDF-Studio zum Zusammenführen, Teilen, Sortieren, Drehen, Komprimieren und Extrahieren von Bildern aus PDFs direkt auf Ihrem Gerät. Keine Cloud-Uploads garantieren absolute Datensicherheit und Privatsphäre. Funktioniert komplett offline mit rasanter Leistung und modernem Material 3-Design.
zh,Chinese (Simplified),PDFCraft,100%离线私密PDF工具箱,PDFCraft 是一款 powerful 且极简的离线 PDF 工具箱，支持在设备本地合并、拆分、重排、旋转、压缩 PDF 并提取图像。无需云端上传，确保 100% 的数据隐私与安全。完全离线运行，速度极快，采用 Material 3 现代界面。
ja,Japanese,PDFCraft,100%オンデバイス＆プライベートPDF,PDFCraftは、デバイス上でPDFの結合、分割、並べ替え、回転、圧縮、画像抽出をオフラインで行える強力なミニマリストPDFスタジオです。クラウドへのアップロードなしで100%のプライバシーを保護。高速で安全なMaterial 3デザイン。
ko,Korean,PDFCraft,100% 온디바이스 및 프라이빗 PDF 스튜디오,PDFCraft는 기기에서 직접 PDF를 병합, 분할, 재정렬, 회전, 압축 및 이미지 추출을 수행할 수 있는 강력한 오프라인 PDF 스튜디오입니다. 클라우드 업로드 없이 100% 데이터 프라이버시를 보장합니다.
pt,Portuguese,PDFCraft,Estudio PDF 100% privado e local,PDFCraft é um poderoso estúdio PDF offline para unir, dividir, reordenar, rotar, comprimir e extrair imagens de PDFs diretamente no seu dispositivo. Sem uploads em nuvem, garantindo total privacidade. Funciona totalmente offline com alto desempenho e design Material 3.
ru,Russian,PDFCraft,100% автономный и приватный PDF-инструмент,PDFCraft — мощная офлайн-студия для объединения, разделения, изменения порядка, вращения, сжатия и извлечения изображений из PDF прямо на вашем устройстве. Никаких облачных загрузок, полная конфиденциальность и безопасность данных.
it,Italian,PDFCraft,Studio PDF offline 100% privato,PDFCraft è un potente studio PDF offline per unire, dividere, riordinare, ruotare, comprimere ed estrarre immagini da PDF direttamente sul tuo dispositivo. Zero caricamenti cloud garantiscono privacy totale. Funziona offline con prestazioni elevate e interfaccia Material 3.
ar,Arabic,PDFCraft,استوديو PDF محلي وخاص 100%,PDFCraft هو استوديو PDF قوي ومستقل يتيح لك دمج وتقسيم وإعادة ترتيب وتدوير وضغط واستخراج الصور من ملفات PDF مباشرة على جهازك. بدون تحميل سحابي لضمان الخصوصية التامة.
hi,Hindi,PDFCraft,100% ऑन-डിവाइस और प्राइवेट पीडीएफ स्टूडियो,PDFCraft एक शक्तिशाली और न्यूनतम ऑफ़लाइन पीडीएफ स्टूडियो है जो आपको सीधे आपके डिवाइस पर पीडीएफ दस्तावेज़ों को मर्ज, विभाजित, पुनरव्यवस्थित, घुमा, संकुचित और छवियों को निकालने की अनुमति देता है।
nl,Dutch,PDFCraft,100% lokaal en privé PDF-studio,PDFCraft is een krachtige offline PDF-studio om PDF's samen te voegen, te splitsen, te roteren en te comprimeren op je apparaat. Geen cloud-uploads voor maximale privacy.
pl,Polish,PDFCraft,W 100% prywatne studio PDF offline,PDFCraft to potężne, minimalistyczne studio PDF do łączenia, dzielenia, obracania i kompresowania plików PDF bezpośrednio na Twoim urządzeniu. Brak przesyłania do chmury zapewnia pełną prywatność.
tr,Turkish,PDFCraft,100% Cihaz İçi ve Gizli PDF Stüdyosu,PDFCraft, doğrudan cihazınızda PDF belgelerini birleştirmenize, bölmenize, döndürmenize, sıkıştırmanıza ve görüntü çıkarmanıza olanak tanıyan güçlü bir çevrimdışı PDF stüdyosudur.
vi,Vietnamese,PDFCraft,Studio PDF ngoại tuyến 100% riêng tư,PDFCraft là ứng dụng PDF ngoại tuyến mạnh mẽ cho phép bạn hợp nhất, tách, sắp xếp lại, xoay, nén và trích xuất hình ảnh từ PDF trực tiếp trên thiết bị của bạn. Không tải lên đám mây, đảm bảo quyền riêng tư tuyệt đối.
id,Indonesian,PDFCraft,Studio PDF Offline 100% Pribadi,PDFCraft adalah studio PDF offline yang kuat untuk menggabungkan, memecah, merotasi, mengompresi, dan mengekstrak gambar dari PDF langsung di perangkat Anda. Tanpa unggahan cloud untuk privasi total.
th,Thai,PDFCraft,สตูดิโอ PDF ออฟไลน์และความเป็นส่วนตัว 100%,PDFCraft เป็นสตูดิโอ PDF ออฟไลน์ที่มีประสิทธิภาพสำหรับการรวม แยก หมุน บีบอัด และดึงรูปภาพจาก PDF บนอุปกรณ์ของคุณ โดยไม่ต้องอัปโหลดขึ้นคลาวด์
sv,Swedish,PDFCraft,100% privat offline PDF-studio,PDFCraft är en kraftfull offline PDF-studio för att slå samman, dela, rotera och komprimera PDF-filer direkt på din enhet. Inga molnuppladdningar garanterar fullständig integritet.
no,Norwegian,PDFCraft,100% privat offline PDF-studio,PDFCraft er en kraftig offline PDF-studio for å slå sammen, dele, rotere og komprimere PDF-filer direkte på enheten din. Ingen opplastinger i skyen.
da,Danish,PDFCraft,100% privat offline PDF-studio,PDFCraft er en kraftfuld offline PDF-studio til at flette, opdele, rotere og komprimeere PDF-filer direkte på din enhed. Ingen sky-upload.
fi,Finnish,PDFCraft,100% yksityinen offline PDF-studio,PDFCraft on tehokas offline PDF-studio PDF-tiedostojen yhdistämiseen, jakamiseen, kiertamiseen ja pakkaamiseen suoraan laitteellasi.
cs,Czech,PDFCraft,100% soukromé offline PDF studio,PDFCraft je výkonné offline PDF studio pro slučování, dělení, otáčení a kompresi PDF přímo ve vašem zařízení. Žádné nahrávání do cloudu.
hu,Hungarian,PDFCraft,100% magánjellegű offline PDF stúdió,PDFCraft egy hatékony offline PDF stúdió PDF-ek egyesítéséhez, szétosztásához és tömörítéséhez közvetlenül az eszközön.
ro,Romanian,PDFCraft,Studio PDF offline 100% privat,PDFCraft este un studio PDF offline puternic pentru a îmbina, împărți, roti și comprima PDF-uri direct pe dispozitivul tău. Fără încărcări în cloud.
el,Greek,PDFCraft,100% ιδιωτικό offline PDF studio,PDFCraft είναι ένα ισχυρό offline PDF studio για συγχώνευση, διαχωρισμό και συμπίεση PDF στη συσκευή σας.
he,Hebrew,PDFCraft,סטודיו PDF מקומי ופרטי ב-100%,PDFCraft הוא כלי PDF לא מקוון חזק המאפשר למזג, לפצל ולדחוס קובצי PDF ישירות במכשיר שלך.
uk,Ukrainian,PDFCraft,100% автономна та приватна PDF-студія,PDFCraft — потужна офлайн-студія для об'єднання, розділення та стиснення PDF безпосередньо на вашому пристрої.
bn,Bengali,PDFCraft,১০০% অন-ডিভাইস এবং প্রাইভেট পিডিএফ স্টুдио,PDFCraft একটি শক্তিশালী অফলাইন পিডিএফ স্টুডিও যা আপনার ডিভাইসে সরাসরি পিডিএফ ফাইল পরিচালনা করতে সাহায্য করে।
tl,Filipino,PDFCraft,100% Pribado at Offline na PDF Studio,PDFCraft ay isang makapangyarihang offline PDF studio para sa pagsasama, paghahati, at pag-compress ng mga PDF sa iyong device.
ms,Malay,PDFCraft,Studio PDF Luar Talian Peribadi 100%,PDFCraft adalah studio PDF luar talian yang berkuasa untuk menggabung dan memampatkan PDF pada peranti anda.
ta,Tamil,PDFCraft,100% தனிப்பட்ட ஆஃப்லைன் PDF ஸ்டுடியோ,PDFCraft என்பது உங்கள் சாதனத்தில் நேரடியாக PDF-களை இணைக்க உதவும் சக்திவாய்ந்த செயலியாகும்.
te,Telugu,PDFCraft,100% ప్రైవేట్ ఆఫ్‌లైన్ PDF స్టూడియో,PDFCraft మీ పరికరంలో నేరుగా PDFలను విలీనం చేయడానికి మరియు కుదించడానికి ఒక శక్తివంతమైన స్టూడియో.
mr,Marathi,PDFCraft,100% खाजगी ऑफलाइन PDF स्टुडिओ,PDFCraft हा तुमच्या डिव्हाइसवर थेट PDF विलीन आणि संकुचित करण्यासाठी एक शक्तिशाली ऑफलाइन स्टुडिओ आहे.
gu,Gujarati,PDFCraft,100% ખાનગી offlineફલાઇન PDF સ્ટુડિયો,PDFCraft તમારા ઉપકરણ પર સીધા જ PDF ને મર્જ અને કોમ્પ્રેસ કરવા માટેનું શક્તિશાળી સ્ટુડિયો છે.
kn,Kannada,PDFCraft,100% ಖಾಸಗಿ ಆಫ್‌ಲೈನ್ PDF ಸ್ಟುಡಿಯೋ,PDFCraft ನಿಮ್ಮ ಸಾಧನದಲ್ಲಿ ನೇರವಾಗಿ PDF ಗಳನ್ನು ವಿಲೀನಗೊಳಿಸಲು ಮತ್ತು ಸಂಕುಚಿತಗೊಳಿಸಲು ಪ್ರಬಲ ಸ್ಟುಡಿಯೋ ಆಗಿದೆ.
ml,Malayalam,PDFCraft,100% സ്വകാര്യ ഓഫ്‌ലൈൻ PDF സ്റ്റുഡിയോ,PDFCraft നിങ്ങളുടെ ഉപകരണത്തിൽ നേരിട്ട് PDF-കൾ ലയിപ്പിക്കുന്നതിനും കംപ്രസ് ചെയ്യുന്നതിനുമുള്ള ശക്തമായ സ്റ്റുഡിയോയാണ്.
pa,Punjabi,PDFCraft,100% ਨਿੱਜੀ ਆਫ਼ਲਾਇਨ PDF ਸਟুਡੀਓ,PDFCraft ਤੁਹਾਡੀ ਡਿਵਾਈਸ 'ਤੇ ਸਿੱਧੇ PDF ਨੂੰ ਮਰਜ ਅਤੇ ਸੰਕੁਚਿਤ ਕਰਨ ਲਈ ਇੱਕ ਸ਼ਕਤੀਸ਼ਾਲੀ ਸਟੂਡੀਓ ਹੈ।
sw,Swahili,PDFCraft,Studio ya PDF ya Nje ya Mtandao 100%,PDFCraft ni studio yenye nguvu ya PDF ya nje ya mtandao ili kuunganisha na kubana PDF kwenye kifaa chako.
af,Afrikaans,PDFCraft,100% Privaat Offline PDF-ateljee,PDFCraft is 'n kragtige offline PDF-ateljee om PDF's op jou toestel te merge en te komprimeer.
bg,Bulgarian,PDFCraft,100% лична офлайн PDF студия,PDFCraft е мощна офлайн PDF студия за обединяване и компресиране на PDF файлове на вашето устройство.
hr,Croatian,PDFCraft,100% privatni offline PDF studio,PDFCraft je moćan offline PDF studio za spajanje i sažimanje PDF-ova direktno na vašem uređaju.
et,Estonian,PDFCraft,100% privaatne offline PDF-stuudio,PDFCraft on võimas offline PDF-stuudio PDF-ide ühendamiseks ja tihendamiseks seadmes.
lv,Latvian,PDFCraft,100% privāta bezsaistes PDF studija,PDFCraft ir jaudīga bezsaistes PDF studija PDF apvienošanai un saspiešanai ierīcē.
lt,Lithuanian,PDFCraft,100% privati neprisijungusi PDF studija,PDFCraft yra galinga neprisijungusi PDF studija, skirta sujungti ir suspausti PDF failus jūsų įrenginyje.
sr,Serbian,PDFCraft,100% privatni offline PDF studio,PDFCraft je moćan offline PDF studio za spajanje i kompresovanje PDF-ova direktno na vašem uređaju.
sk,Slovak,PDFCraft,100% súkromné offline PDF štúdio,PDFCraft je výkonné offline PDF štúdio na spájanie a kompresiu PDF priamo v zariadení.
sl,Slovenian,PDFCraft,100% zasebni offline PDF studio,PDFCraft je zmogljiv offline PDF studio za združevanje in stiskanje PDF-jev v vaši napravi.
ca,Catalan,PDFCraft,Estudi PDF fora de línia 100% privat,PDFCraft és un potent estudi PDF fora de línia per unir i comprimir PDF al vostre dispositiu.
eu,Basque,PDFCraft,100% pribatu offline PDF estudioa,PDFCraft lineaz kanpoko PDF estudio indartsua da zure gailuan PDFak batzeko eta konprimitzeko.
gl,Galician,PDFCraft,Estudo PDF sen conexión 100% privado,PDFCraft é un potente estudo PDF sen conexión para unir e comprimir PDF no teu dispositivo.
fa,Persian,PDFCraft,استودیوی پی‌دی‌اف آفلاین و ۱۰۰٪ خصوصی,PDFCraft یک استودیوی قدرتمند پی‌دی‌اف آفلاین برای ادغام و فشرده‌سازی فایل‌ها در دستگاه شما است.
ur,Urdu,PDFCraft,100% نجی آف لائن PDF اسٹوڈیو,PDFCraft آپ کے ڈیوائس پر PDF کو ضم اور کمپریس کرنے کے لیے ایک طاقتور آفلاین اسٹوڈیو ہے۔
is,Icelandic,PDFCraft,100% einka offline PDF stúdíó,PDFCraft er öflugt offline PDF stúdíó til að sameina og þjappa PDF skjölum á tækinu þínu.
sq,Albanian,PDFCraft,Studio PDF offline 100% private,PDFCraft është një studio e fuqishme PDF offline për të bashkuar dhe ngjeshur PDF në pajisjen tuaj.
mk,Macedonian,PDFCraft,100% приватно офлајн PDF студио,PDFCraft е моќно офлајн PDF студио за спојување и компресирање на PDF датотеки на вашиот уред.
hy,Armenian,PDFCraft,100% անձնական անցանց PDF ստודיո,PDFCraft-ը հզոր անցանց PDF ստודיո է՝ ձեր սարքում PDF-ները միավորելու և սեղմելու համար։
ka,Georgian,PDFCraft,100% პირადული ოფლაინ PDF სტუდია,PDFCraft არის ძლიერი ოფლაინ PDF სტუდია PDF ფაილების შესaseებლად და შესაკუმშად.
az,Azerbaijani,PDFCraft,100% Şəxsi Offline PDF Studiyası,PDFCraft cihazınızda PDF-ləri birləşdirmək və sıxışdırmaq üçün güclü offline studiyadır.
bs,Bosnian,PDFCraft,100% privatni offline PDF studio,PDFCraft je moćan offline PDF studio za spajanje i kompresovanje PDF-ova direktno na vašem uređaju.
